organization,account_id,player,position,fantasy_role,active,evidence,evidence_tier,retrieved_at,note
Aurora Gaming,124801257,Nightfall,1,core,True,https://liquipedia.net/dota2/The_International/2026 (Participants),2,2026-08-10T19:01:33+00:00,
Aurora Gaming,301750126,Mikoto,2,mid,True,https://liquipedia.net/dota2/The_International/2026 (Participants),2,2026-08-10T19:01:33+00:00,
Aurora Gaming,126842529,Ws`,3,core,True,https://liquipedia.net/dota2/The_International/2026 (Participants),2,2026-08-10T19:01:33+00:00,
Aurora Gaming,256156323,Mira,4,support,True,https://liquipedia.net/dota2/The_International/2026 (Participants),2,2026-08-10T19:01:33+00:00,
Aurora Gaming,320219866,kaori,5,support,True,https://liquipedia.net/dota2/The_International/2026 (Participants),2,2026-08-10T19:01:33+00:00,
BetBoom Team,172099728,Kiritych~,1,core,True,https://liquipedia.net/dota2/The_International/2026 (Participants),2,2026-08-10T19:01:33+00:00,
BetBoom Team,480412663,gpk~,2,mid,True,https://liquipedia.net/dota2/The_International/2026 (Participants),2,2026-08-10T19:01:33+00:00,
BetBoom Team,165564598,MieRo,3,core,True,https://liquipedia.net/dota2/The_International/2026 (Participants),2,2026-08-10T19:01:33+00:00,
BetBoom Team,317880638,Save-,4,support,True,https://liquipedia.net/dota2/The_International/2026 (Participants),2,2026-08-10T19:01:33+00:00,
BetBoom Team,196878136,Kataomi`,5,support,True,https://liquipedia.net/dota2/The_International/2026 (Participants),2,2026-08-10T19:01:33+00:00,
GamerLegion,206642367,Ghost,1,core,True,https://liquipedia.net/dota2/The_International/2026 (Participants),2,2026-08-10T19:01:33+00:00,
GamerLegion,154974246,RCY,2,mid,True,https://liquipedia.net/dota2/The_International/2026 (Participants),2,2026-08-10T19:01:33+00:00,
GamerLegion,160119017,Fayde,3,core,True,https://liquipedia.net/dota2/The_International/2026 (Participants),2,2026-08-10T19:01:33+00:00,
GamerLegion,90423751,Bignum,4,support,True,https://liquipedia.net/dota2/The_International/2026 (Participants),2,2026-08-10T19:01:33+00:00,
GamerLegion,191362875,Speeed,5,support,True,https://liquipedia.net/dota2/The_International/2026 (Participants),2,2026-08-10T19:01:33+00:00,
HULIGANI,320017600,ssnovv1,1,core,True,https://liquipedia.net/dota2/The_International/2026 (Participants),2,2026-08-10T19:01:33+00:00,
HULIGANI,140251702,Mirage`雨,2,mid,True,https://liquipedia.net/dota2/The_International/2026 (Participants),2,2026-08-10T19:01:33+00:00,
HULIGANI,92487440,Corrupted,3,core,True,https://liquipedia.net/dota2/The_International/2026 (Participants),2,2026-08-10T19:01:33+00:00,
HULIGANI,145065875,sayuw,4,support,True,https://liquipedia.net/dota2/The_International/2026 (Participants),2,2026-08-10T19:01:33+00:00,
HULIGANI,123787715,RESPECT,5,support,True,https://liquipedia.net/dota2/The_International/2026 (Participants),2,2026-08-10T19:01:33+00:00,
LGD Gaming,177203952,Yuma,1,core,True,https://liquipedia.net/dota2/The_International/2026 (Participants),2,2026-08-10T19:01:33+00:00,
LGD Gaming,94054712,Topson,2,mid,True,https://liquipedia.net/dota2/The_International/2026 (Participants),2,2026-08-10T19:01:33+00:00,roster change: replaces TaiLung
LGD Gaming,1026694469,TaiLung,2,mid,False,lgd-official-weibo+lgd-official-x+liquipedia-ti2026-participants,1,2026-08-09T05:20:00Z,replaced at position 2 (tournament-integrity-ban)
LGD Gaming,292921272,Wisper,3,core,True,https://liquipedia.net/dota2/The_International/2026 (Participants),2,2026-08-10T19:01:33+00:00,
LGD Gaming,105045291,Thiolicor,4,support,True,https://liquipedia.net/dota2/The_International/2026 (Participants),2,2026-08-10T19:01:33+00:00,
LGD Gaming,81306398,KingJungles,5,support,True,https://liquipedia.net/dota2/The_International/2026 (Participants),2,2026-08-10T19:01:33+00:00,
Nigma Galaxy,111620041,SumaiL-,1,core,True,https://liquipedia.net/dota2/The_International/2026 (Participants),2,2026-08-10T19:01:33+00:00,
Nigma Galaxy,210053851,lorenof,2,mid,True,https://liquipedia.net/dota2/The_International/2026 (Participants),2,2026-08-10T19:01:33+00:00,
Nigma Galaxy,138880576,Davai,3,core,True,https://liquipedia.net/dota2/The_International/2026 (Participants),2,2026-08-10T19:01:33+00:00,
Nigma Galaxy,152168157,OmaR,4,support,True,https://liquipedia.net/dota2/The_International/2026 (Participants),2,2026-08-10T19:01:33+00:00,
Nigma Galaxy,101356886,GH,5,support,True,https://liquipedia.net/dota2/The_International/2026 (Participants),2,2026-08-10T19:01:33+00:00,
OG,355168766,Natsumi,1,core,True,https://liquipedia.net/dota2/The_International/2026 (Participants),2,2026-08-10T19:01:33+00:00,
OG,324277900,Yopaj-,2,mid,True,https://liquipedia.net/dota2/The_International/2026 (Participants),2,2026-08-10T19:01:33+00:00,
OG,132309493,Raven,3,core,True,https://liquipedia.net/dota2/The_International/2026 (Participants),2,2026-08-10T19:01:33+00:00,
OG,155494381,TIMS,4,support,True,https://liquipedia.net/dota2/The_International/2026 (Participants),2,2026-08-10T19:01:33+00:00,
OG,100594231,skem,5,support,True,https://liquipedia.net/dota2/The_International/2026 (Participants),2,2026-08-10T19:01:33+00:00,
PARIVISION,1044002267,Satanic,1,core,True,https://liquipedia.net/dota2/The_International/2026 (Participants),2,2026-08-10T19:01:33+00:00,
PARIVISION,106573901,No[o]ne-,2,mid,True,https://liquipedia.net/dota2/The_International/2026 (Participants),2,2026-08-10T19:01:33+00:00,
PARIVISION,195108598,Noticed,3,core,True,https://liquipedia.net/dota2/The_International/2026 (Participants),2,2026-08-10T19:01:33+00:00,
PARIVISION,164199202,9Class,4,support,True,https://liquipedia.net/dota2/The_International/2026 (Participants),2,2026-08-10T19:01:33+00:00,
PARIVISION,73401082,Dukalis,5,support,True,https://liquipedia.net/dota2/The_International/2026 (Participants),2,2026-08-10T19:01:33+00:00,
Team Falcons,100058342,skiter,1,core,True,https://liquipedia.net/dota2/The_International/2026 (Participants),2,2026-08-10T19:01:33+00:00,
Team Falcons,898455820,Malr1ne,2,mid,True,https://liquipedia.net/dota2/The_International/2026 (Participants),2,2026-08-10T19:01:33+00:00,
Team Falcons,183719386,AMMAR_THE_F,3,core,True,https://liquipedia.net/dota2/The_International/2026 (Participants),2,2026-08-10T19:01:33+00:00,
Team Falcons,25907144,Cr1t-,4,support,True,https://liquipedia.net/dota2/The_International/2026 (Participants),2,2026-08-10T19:01:33+00:00,
Team Falcons,10366616,Sneyking,5,support,True,https://liquipedia.net/dota2/The_International/2026 (Participants),2,2026-08-10T19:01:33+00:00,
Team Liquid,152962063,m1CKe,1,core,True,https://liquipedia.net/dota2/The_International/2026 (Participants),2,2026-08-10T19:01:33+00:00,
Team Liquid,201358612,Nisha,2,mid,True,https://liquipedia.net/dota2/The_International/2026 (Participants),2,2026-08-10T19:01:33+00:00,
Team Liquid,97590558,Ace ♠,3,core,True,https://liquipedia.net/dota2/The_International/2026 (Participants),2,2026-08-10T19:01:33+00:00,
Team Liquid,77490514,Boxi,4,support,True,https://liquipedia.net/dota2/The_International/2026 (Participants),2,2026-08-10T19:01:33+00:00,
Team Liquid,16497807,tOfu,5,support,True,https://liquipedia.net/dota2/The_International/2026 (Participants),2,2026-08-10T19:01:33+00:00,
Team Resilience,170896543,YSR-04E,1,core,True,https://liquipedia.net/dota2/The_International/2026 (Participants),2,2026-08-10T19:01:33+00:00,
Team Resilience,315272623,Echozz,2,mid,True,https://liquipedia.net/dota2/The_International/2026 (Participants),2,2026-08-10T19:01:33+00:00,
Team Resilience,145957968,niu,3,core,True,https://liquipedia.net/dota2/The_International/2026 (Participants),2,2026-08-10T19:01:33+00:00,
Team Resilience,150961567,planet,4,support,True,https://liquipedia.net/dota2/The_International/2026 (Participants),2,2026-08-10T19:01:33+00:00,
Team Resilience,249835593,zzq,5,support,True,https://liquipedia.net/dota2/The_International/2026 (Participants),2,2026-08-10T19:01:33+00:00,
Team Spirit,321580662,Yatoro,1,core,True,https://liquipedia.net/dota2/The_International/2026 (Participants),2,2026-08-10T19:01:33+00:00,
Team Spirit,106305042,Larl,2,mid,True,https://liquipedia.net/dota2/The_International/2026 (Participants),2,2026-08-10T19:01:33+00:00,
Team Spirit,302214028,Collapse,3,core,True,https://liquipedia.net/dota2/The_International/2026 (Participants),2,2026-08-10T19:01:33+00:00,
Team Spirit,218231587,not_me,4,support,True,https://liquipedia.net/dota2/The_International/2026 (Participants),2,2026-08-10T19:01:33+00:00,
Team Spirit,847565596,rue,5,support,True,https://liquipedia.net/dota2/The_International/2026 (Participants),2,2026-08-10T19:01:33+00:00,
Team Yandex,171262902,医者watson`,1,core,True,https://liquipedia.net/dota2/The_International/2026 (Participants),2,2026-08-10T19:01:33+00:00,
Team Yandex,312436974,CHIRA_JUNIOR,2,mid,True,https://liquipedia.net/dota2/The_International/2026 (Participants),2,2026-08-10T19:01:33+00:00,
Team Yandex,56351509,DM,3,core,True,https://liquipedia.net/dota2/The_International/2026 (Participants),2,2026-08-10T19:01:33+00:00,
Team Yandex,103735745,Saksa,4,support,True,https://liquipedia.net/dota2/The_International/2026 (Participants),2,2026-08-10T19:01:33+00:00,
Team Yandex,93817671,Maladych,5,support,True,https://liquipedia.net/dota2/The_International/2026 (Participants),2,2026-08-10T19:01:33+00:00,
Tundra Esports,331855530,Pure,1,core,True,https://liquipedia.net/dota2/The_International/2026 (Participants),2,2026-08-10T19:01:33+00:00,
Tundra Esports,93618577,bzm,2,mid,True,https://liquipedia.net/dota2/The_International/2026 (Participants),2,2026-08-10T19:01:33+00:00,
Tundra Esports,86698277,33,3,core,True,https://liquipedia.net/dota2/The_International/2026 (Participants),2,2026-08-10T19:01:33+00:00,
Tundra Esports,346412363,Ari,4,support,True,https://liquipedia.net/dota2/The_International/2026 (Participants),2,2026-08-10T19:01:33+00:00,
Tundra Esports,136829091,Whitemon,5,support,True,https://liquipedia.net/dota2/The_International/2026 (Participants),2,2026-08-10T19:01:33+00:00,
Vici Gaming,320252024,shiro,1,core,True,https://liquipedia.net/dota2/The_International/2026 (Participants),2,2026-08-10T19:01:33+00:00,
Vici Gaming,137129583,Xm,2,mid,True,https://liquipedia.net/dota2/The_International/2026 (Participants),2,2026-08-10T19:01:33+00:00,
Vici Gaming,118134220,Bach,3,core,True,https://liquipedia.net/dota2/The_International/2026 (Participants),2,2026-08-10T19:01:33+00:00,
Vici Gaming,157475523,XinQ,4,support,True,https://liquipedia.net/dota2/The_International/2026 (Participants),2,2026-08-10T19:01:33+00:00,
Vici Gaming,111114687,y`,5,support,True,https://liquipedia.net/dota2/The_International/2026 (Participants),2,2026-08-10T19:01:33+00:00,
Xtreme Gaming,898754153,Ame,1,core,True,https://liquipedia.net/dota2/The_International/2026 (Participants),2,2026-08-10T19:01:33+00:00,
Xtreme Gaming,173978074,NothingToSay,2,mid,True,https://liquipedia.net/dota2/The_International/2026 (Participants),2,2026-08-10T19:01:33+00:00,
Xtreme Gaming,129958758,Xxs,3,core,True,https://liquipedia.net/dota2/The_International/2026 (Participants),2,2026-08-10T19:01:33+00:00,
Xtreme Gaming,101695162,fy,4,support,True,https://liquipedia.net/dota2/The_International/2026 (Participants),2,2026-08-10T19:01:33+00:00,
Xtreme Gaming,94296097,xNova,5,support,True,https://liquipedia.net/dota2/The_International/2026 (Participants),2,2026-08-10T19:01:33+00:00,
